<?xml version="1.0" encoding="UTF-8"?>
<GenRun Id="impl_1" LaunchPart="xc7z020clg400-1" LaunchTime="1683263932">
  <File Type="BITSTR-BMM" Name="uart_top_bd.bmm"/>
  <File Type="OPT-METHODOLOGY-DRC" Name="uart_top_methodology_drc_opted.rpt"/>
  <File Type="INIT-TIMING" Name="uart_top_timing_summary_init.rpt"/>
  <File Type="ROUTE-PWR" Name="uart_top_power_routed.rpt"/>
  <File Type="PA-TCL" Name="uart_top.tcl"/>
  <File Type="OPT-TIMING" Name="uart_top_timing_summary_opted.rpt"/>
  <File Type="OPT-DCP" Name="uart_top_opt.dcp"/>
  <File Type="ROUTE-PWR-SUM" Name="uart_top_power_summary_routed.pb"/>
  <File Type="REPORTS-TCL" Name="uart_top_reports.tcl"/>
  <File Type="OPT-DRC" Name="uart_top_drc_opted.rpt"/>
  <File Type="OPT-HWDEF" Name="uart_top.hwdef"/>
  <File Type="PWROPT-DCP" Name="uart_top_pwropt.dcp"/>
  <File Type="PWROPT-DRC" Name="uart_top_drc_pwropted.rpt"/>
  <File Type="PWROPT-TIMING" Name="uart_top_timing_summary_pwropted.rpt"/>
  <File Type="PLACE-DCP" Name="uart_top_placed.dcp"/>
  <File Type="PLACE-IO" Name="uart_top_io_placed.rpt"/>
  <File Type="PLACE-CLK" Name="uart_top_clock_utilization_placed.rpt"/>
  <File Type="PLACE-UTIL" Name="uart_top_utilization_placed.rpt"/>
  <File Type="PLACE-UTIL-PB" Name="uart_top_utilization_placed.pb"/>
  <File Type="PLACE-CTRL" Name="uart_top_control_sets_placed.rpt"/>
  <File Type="PLACE-SIMILARITY" Name="uart_top_incremental_reuse_placed.rpt"/>
  <File Type="PLACE-PRE-SIMILARITY" Name="uart_top_incremental_reuse_pre_placed.rpt"/>
  <File Type="PLACE-TIMING" Name="uart_top_timing_summary_placed.rpt"/>
  <File Type="POSTPLACE-PWROPT-DCP" Name="uart_top_postplace_pwropt.dcp"/>
  <File Type="BG-BIN" Name="uart_top.bin"/>
  <File Type="POSTPLACE-PWROPT-TIMING" Name="uart_top_timing_summary_postplace_pwropted.rpt"/>
  <File Type="PHYSOPT-DCP" Name="uart_top_physopt.dcp"/>
  <File Type="PHYSOPT-DRC" Name="uart_top_drc_physopted.rpt"/>
  <File Type="BITSTR-MSK" Name="uart_top.msk"/>
  <File Type="PHYSOPT-TIMING" Name="uart_top_timing_summary_physopted.rpt"/>
  <File Type="ROUTE-ERROR-DCP" Name="uart_top_routed_error.dcp"/>
  <File Type="ROUTE-DCP" Name="uart_top_routed.dcp"/>
  <File Type="ROUTE-BLACKBOX-DCP" Name="uart_top_routed_bb.dcp"/>
  <File Type="ROUTE-DRC" Name="uart_top_drc_routed.rpt"/>
  <File Type="ROUTE-DRC-PB" Name="uart_top_drc_routed.pb"/>
  <File Type="ROUTE-DRC-RPX" Name="uart_top_drc_routed.rpx"/>
  <File Type="BITSTR-MMI" Name="uart_top.mmi"/>
  <File Type="ROUTE-METHODOLOGY-DRC" Name="uart_top_methodology_drc_routed.rpt"/>
  <File Type="ROUTE-METHODOLOGY-DRC-RPX" Name="uart_top_methodology_drc_routed.rpx"/>
  <File Type="ROUTE-METHODOLOGY-DRC-PB" Name="uart_top_methodology_drc_routed.pb"/>
  <File Type="ROUTE-PWR-RPX" Name="uart_top_power_routed.rpx"/>
  <File Type="ROUTE-STATUS" Name="uart_top_route_status.rpt"/>
  <File Type="ROUTE-STATUS-PB" Name="uart_top_route_status.pb"/>
  <File Type="ROUTE-TIMINGSUMMARY" Name="uart_top_timing_summary_routed.rpt"/>
  <File Type="ROUTE-TIMING-PB" Name="uart_top_timing_summary_routed.pb"/>
  <File Type="ROUTE-TIMING-RPX" Name="uart_top_timing_summary_routed.rpx"/>
  <File Type="ROUTE-SIMILARITY" Name="uart_top_incremental_reuse_routed.rpt"/>
  <File Type="ROUTE-CLK" Name="uart_top_clock_utilization_routed.rpt"/>
  <File Type="ROUTE-BUS-SKEW" Name="uart_top_bus_skew_routed.rpt"/>
  <File Type="ROUTE-BUS-SKEW-PB" Name="uart_top_bus_skew_routed.pb"/>
  <File Type="ROUTE-BUS-SKEW-RPX" Name="uart_top_bus_skew_routed.rpx"/>
  <File Type="POSTROUTE-PHYSOPT-DCP" Name="uart_top_postroute_physopt.dcp"/>
  <File Type="POSTROUTE-PHYSOPT-BLACKBOX-DCP" Name="uart_top_postroute_physopt_bb.dcp"/>
  <File Type="POSTROUTE-PHYSOPT-TIMING" Name="uart_top_timing_summary_postroute_physopted.rpt"/>
  <File Type="POSTROUTE-PHYSOPT-TIMING-PB" Name="uart_top_timing_summary_postroute_physopted.pb"/>
  <File Type="POSTROUTE-PHYSOPT-TIMING-RPX" Name="uart_top_timing_summary_postroute_physopted.rpx"/>
  <File Type="POSTROUTE-PHYSOPT-BUS-SKEW" Name="uart_top_bus_skew_postroute_physopted.rpt"/>
  <File Type="POSTROUTE-PHYSOPT-BUS-SKEW-PB" Name="uart_top_bus_skew_postroute_physopted.pb"/>
  <File Type="BG-BIT" Name="uart_top.bit"/>
  <File Type="POSTROUTE-PHYSOPT-BUS-SKEW-RPX" Name="uart_top_bus_skew_postroute_physopted.rpx"/>
  <File Type="BITSTR-RBT" Name="uart_top.rbt"/>
  <File Type="BITSTR-NKY" Name="uart_top.nky"/>
  <File Type="PDI-FILE" Name="uart_top.pdi"/>
  <File Type="RCFI_FILE" Name="uart_top.rcfi"/>
  <File Type="CFI_FILE" Name="uart_top.cfi"/>
  <File Type="RNPI_FILE" Name="uart_top.rnpi"/>
  <File Type="NPI_FILE" Name="uart_top.npi"/>
  <File Type="RBD_FILE" Name="uart_top.rbd"/>
  <File Type="BITSTR-LTX" Name="debug_nets.ltx"/>
  <File Type="BITSTR-LTX" Name="uart_top.ltx"/>
  <File Type="BITSTR-SYSDEF" Name="uart_top.sysdef"/>
  <File Type="BG-BGN" Name="uart_top.bgn"/>
  <File Type="BG-DRC" Name="uart_top.drc"/>
  <File Type="RDI-RDI" Name="uart_top.vdi"/>
  <File Type="WBT-USG" Name="usage_statistics_webtalk.html"/>
  <FileSet Name="sources" Type="DesignSrcs" RelSrcDir="$PSRCDIR/sources_1">
    <Filter Type="Srcs"/>
    <File Path="$PSRCDIR/sources_1/new/CLA_8bit_slice.v">
      <FileInfo>
        <Attr Name="ImportPath" Val="$PPRDIR/../../final_lab/final_lab.srcs/sources_1/new/CLA_8bit_slice.v"/>
        <Attr Name="ImportTime" Val="1683051886"/>
        <Attr Name="UsedIn" Val="synthesis"/>
        <Attr Name="UsedIn" Val="implementation"/>
        <Attr Name="UsedIn" Val="simulation"/>
      </FileInfo>
    </File>
    <File Path="$PSRCDIR/sources_1/new/carry_lookahead_adder_32_bit.v">
      <FileInfo>
        <Attr Name="ImportPath" Val="$PPRDIR/../../final_lab/final_lab.srcs/sources_1/new/carry_lookahead_adder_32_bit.v"/>
        <Attr Name="ImportTime" Val="1683057808"/>
        <Attr Name="UsedIn" Val="synthesis"/>
        <Attr Name="UsedIn" Val="implementation"/>
        <Attr Name="UsedIn" Val="simulation"/>
      </FileInfo>
    </File>
    <File Path="$PSRCDIR/sources_1/new/carry_lookahead_adder_8_bit.v">
      <FileInfo>
        <Attr Name="ImportPath" Val="$PPRDIR/../../final_lab/final_lab.srcs/sources_1/new/carry_lookahead_adder_8_bit.v"/>
        <Attr Name="ImportTime" Val="1683051904"/>
        <Attr Name="UsedIn" Val="synthesis"/>
        <Attr Name="UsedIn" Val="implementation"/>
        <Attr Name="UsedIn" Val="simulation"/>
      </FileInfo>
    </File>
    <File Path="$PSRCDIR/sources_1/new/mp_adder.v">
      <FileInfo>
        <Attr Name="ImportPath" Val="$PPRDIR/../LAB3/LAB3.srcs/sources_1/new/mp_adder.v"/>
        <Attr Name="ImportTime" Val="1679907575"/>
        <Attr Name="UsedIn" Val="synthesis"/>
        <Attr Name="UsedIn" Val="implementation"/>
        <Attr Name="UsedIn" Val="simulation"/>
      </FileInfo>
    </File>
    <File Path="$PSRCDIR/sources_1/new/mux2X1.v">
      <FileInfo>
        <Attr Name="ImportPath" Val="$PPRDIR/../../final_lab/final_lab.srcs/sources_1/new/mux2X1.v"/>
        <Attr Name="ImportTime" Val="1683051915"/>
        <Attr Name="UsedIn" Val="synthesis"/>
        <Attr Name="UsedIn" Val="implementation"/>
        <Attr Name="UsedIn" Val="simulation"/>
      </FileInfo>
    </File>
    <File Path="$PSRCDIR/sources_1/imports/Downloads/uart_rx.v">
      <FileInfo>
        <Attr Name="ImportPath" Val="$PPRDIR/../Downloads/uart_rx.v"/>
        <Attr Name="ImportTime" Val="1679393599"/>
        <Attr Name="UsedIn" Val="synthesis"/>
        <Attr Name="UsedIn" Val="implementation"/>
        <Attr Name="UsedIn" Val="simulation"/>
      </FileInfo>
    </File>
    <File Path="$PSRCDIR/sources_1/new/uart_tx.v">
      <FileInfo>
        <Attr Name="ImportPath" Val="$PPRDIR/../lab2/lab2.srcs/sources_1/new/uart_tx.v"/>
        <Attr Name="ImportTime" Val="1678697425"/>
        <Attr Name="UsedIn" Val="synthesis"/>
        <Attr Name="UsedIn" Val="implementation"/>
        <Attr Name="UsedIn" Val="simulation"/>
      </FileInfo>
    </File>
    <File Path="$PSRCDIR/sources_1/new/uart_top.v">
      <FileInfo>
        <Attr Name="ImportPath" Val="$PPRDIR/../lab2/lab2.srcs/sources_1/new/uart_top.v"/>
        <Attr Name="ImportTime" Val="1679902077"/>
        <Attr Name="UsedIn" Val="synthesis"/>
        <Attr Name="UsedIn" Val="implementation"/>
        <Attr Name="UsedIn" Val="simulation"/>
      </FileInfo>
    </File>
    <File Path="$PSRCDIR/sources_1/new/CLA_4bit_slice.v">
      <FileInfo>
        <Attr Name="AutoDisabled" Val="1"/>
        <Attr Name="ImportPath" Val="$PPRDIR/../../final_lab/final_lab.srcs/sources_1/new/CLA_4bit_slice.v"/>
        <Attr Name="ImportTime" Val="1683051836"/>
        <Attr Name="UsedIn" Val="synthesis"/>
        <Attr Name="UsedIn" Val="implementation"/>
        <Attr Name="UsedIn" Val="simulation"/>
      </FileInfo>
    </File>
    <File Path="$PSRCDIR/sources_1/new/RCA_2bit_slice.v">
      <FileInfo>
        <Attr Name="AutoDisabled" Val="1"/>
        <Attr Name="ImportPath" Val="$PPRDIR/../../final_lab/final_lab.srcs/sources_1/new/RCA_2bit_slice.v"/>
        <Attr Name="ImportTime" Val="1683051811"/>
        <Attr Name="UsedIn" Val="synthesis"/>
        <Attr Name="UsedIn" Val="implementation"/>
        <Attr Name="UsedIn" Val="simulation"/>
      </FileInfo>
    </File>
    <File Path="$PSRCDIR/sources_1/new/carry_lookahead_adder_4_bit.v">
      <FileInfo>
        <Attr Name="AutoDisabled" Val="1"/>
        <Attr Name="ImportPath" Val="$PPRDIR/../../final_lab/final_lab.srcs/sources_1/new/carry_lookahead_adder_4_bit.v"/>
        <Attr Name="ImportTime" Val="1683051855"/>
        <Attr Name="UsedIn" Val="synthesis"/>
        <Attr Name="UsedIn" Val="implementation"/>
        <Attr Name="UsedIn" Val="simulation"/>
      </FileInfo>
    </File>
    <File Path="$PSRCDIR/sources_1/imports/new/full_adder.v">
      <FileInfo>
        <Attr Name="AutoDisabled" Val="1"/>
        <Attr Name="ImportPath" Val="$PPRDIR/../lab1/lab1.srcs/sources_1/new/full_adder.v"/>
        <Attr Name="ImportTime" Val="1682085549"/>
        <Attr Name="UsedIn" Val="synthesis"/>
        <Attr Name="UsedIn" Val="implementation"/>
        <Attr Name="UsedIn" Val="simulation"/>
      </FileInfo>
    </File>
    <File Path="$PSRCDIR/sources_1/imports/new/ripple_carry_adder_Nb.v">
      <FileInfo>
        <Attr Name="AutoDisabled" Val="1"/>
        <Attr Name="ImportPath" Val="$PPRDIR/../lab1/lab1.srcs/sources_1/new/ripple_carry_adder_Nb.v"/>
        <Attr Name="ImportTime" Val="1682085324"/>
        <Attr Name="UsedIn" Val="synthesis"/>
        <Attr Name="UsedIn" Val="implementation"/>
        <Attr Name="UsedIn" Val="simulation"/>
      </FileInfo>
    </File>
    <File Path="$PSRCDIR/sources_1/new/Debounce_Switch.v">
      <FileInfo>
        <Attr Name="AutoDisabled" Val="1"/>
        <Attr Name="ImportPath" Val="$PPRDIR/../lab2/lab2.srcs/sources_1/new/Debounce_Switch.v"/>
        <Attr Name="ImportTime" Val="1678698012"/>
        <Attr Name="UsedIn" Val="synthesis"/>
        <Attr Name="UsedIn" Val="implementation"/>
        <Attr Name="UsedIn" Val="simulation"/>
      </FileInfo>
    </File>
    <File Path="$PSRCDIR/sources_1/bd/design_1/design_1.bd">
      <FileInfo>
        <Attr Name="AutoDisabled" Val="1"/>
        <Attr Name="ImportPath" Val="$PPRDIR/../lab2/lab2.srcs/sources_1/bd/design_1/design_1.bd"/>
        <Attr Name="ImportTime" Val="1679902679"/>
        <Attr Name="UsedIn" Val="synthesis"/>
        <Attr Name="UsedIn" Val="implementation"/>
        <Attr Name="UsedIn" Val="simulation"/>
      </FileInfo>
    </File>
    <File Path="$PSRCDIR/sources_1/bd/design_1/hdl/design_1_wrapper.v">
      <FileInfo>
        <Attr Name="AutoDisabled" Val="1"/>
        <Attr Name="ImportPath" Val="$PPRDIR/../lab2/lab2.srcs/sources_1/bd/design_1/hdl/design_1_wrapper.v"/>
        <Attr Name="ImportTime" Val="1679902679"/>
        <Attr Name="UsedIn" Val="synthesis"/>
        <Attr Name="UsedIn" Val="implementation"/>
        <Attr Name="UsedIn" Val="simulation"/>
      </FileInfo>
    </File>
    <Config>
      <Option Name="DesignMode" Val="RTL"/>
      <Option Name="TopModule" Val="uart_top"/>
      <Option Name="TopLib" Val="xil_defaultlib"/>
      <Option Name="TopRTLFile" Val="$PSRCDIR/sources_1/new/uart_top.v"/>
    </Config>
  </FileSet>
  <FileSet Name="constrs_in" Type="Constrs" RelSrcDir="$PSRCDIR/constrs_1">
    <Filter Type="Constrs"/>
    <File Path="$PSRCDIR/constrs_1/imports/Desktop/PYNQ-Z2v1.0.xdc">
      <FileInfo>
        <Attr Name="ImportPath" Val="$PPRDIR/../Desktop/PYNQ-Z2v1.0.xdc"/>
        <Attr Name="ImportTime" Val="1678698906"/>
        <Attr Name="UsedIn" Val="synthesis"/>
        <Attr Name="UsedIn" Val="implementation"/>
      </FileInfo>
    </File>
    <Config>
      <Option Name="ConstrsType" Val="XDC"/>
    </Config>
  </FileSet>
  <FileSet Name="utils" Type="Utils" RelSrcDir="$PSRCDIR/utils_1">
    <Filter Type="Utils"/>
    <Config>
      <Option Name="TopAutoSet" Val="TRUE"/>
    </Config>
  </FileSet>
  <Strategy Version="1" Minor="2">
    <StratHandle Name="Vivado Implementation Defaults" Flow="Vivado Implementation 2020"/>
    <Step Id="init_design"/>
    <Step Id="opt_design"/>
    <Step Id="power_opt_design"/>
    <Step Id="place_design"/>
    <Step Id="post_place_power_opt_design"/>
    <Step Id="phys_opt_design"/>
    <Step Id="route_design"/>
    <Step Id="post_route_phys_opt_design"/>
    <Step Id="write_bitstream"/>
  </Strategy>
  <BlockFileSet Type="BlockSrcs" Name="design_1_Debounce_Switch_0_0"/>
</GenRun>
