<?xml version="1.0" encoding="UTF-8" ?>
<webTalkData  fileName='usage_statistics_webtalk.xml'  majorVersion='1' minorVersion='0' timeStamp='Fri May  5 07:22:45 2023'>
<section name="__ROOT__" level="0" order="1" description="">
 <section name="software_version_and_target_device" level="1" order="1" description="">
  <keyValuePair key="beta" value="FALSE" description="" />
  <keyValuePair key="build_version" value="2902540" description="" />
  <keyValuePair key="date_generated" value="Fri May  5 07:22:45 2023" description="" />
  <keyValuePair key="os_platform" value="WIN64" description="" />
  <keyValuePair key="product_version" value="Vivado v2020.1 (64-bit)" description="" />
  <keyValuePair key="project_id" value="9c4cc10fe4ec4e33b03fed7268c69eed" description="" />
  <keyValuePair key="project_iteration" value="129" description="" />
  <keyValuePair key="random_id" value="ddf592f8a30756b0a31172208433dfd3" description="" />
  <keyValuePair key="registration_id" value="ddf592f8a30756b0a31172208433dfd3" description="" />
  <keyValuePair key="route_design" value="TRUE" description="" />
  <keyValuePair key="target_device" value="xc7z020" description="" />
  <keyValuePair key="target_family" value="zynq" description="" />
  <keyValuePair key="target_package" value="clg400" description="" />
  <keyValuePair key="target_speed" value="-1" description="" />
  <keyValuePair key="tool_flow" value="Vivado" description="" />
 </section>
 <section name="user_environment" level="1" order="2" description="">
  <keyValuePair key="cpu_name" value="Intel(R) Core(TM) i7-8750H CPU @ 2.20GHz" description="" />
  <keyValuePair key="cpu_speed" value="2208 MHz" description="" />
  <keyValuePair key="os_name" value="Windows Server 2016 or Windows 10" description="" />
  <keyValuePair key="os_release" value="major release  (build 9200)" description="" />
  <keyValuePair key="system_ram" value="8.000 GB" description="" />
  <keyValuePair key="total_processors" value="1" description="" />
 </section>
 <section name="phys_opt_design_post_place" level="1" order="3" description="">
  <section name="command_line_options" level="2" order="1" description="">
   <keyValuePair key="-aggressive_hold_fix" value="default::[not_specified]" description="" />
   <keyValuePair key="-bram_register_opt" value="default::[not_specified]" description="" />
   <keyValuePair key="-clock_opt" value="default::[not_specified]" description="" />
   <keyValuePair key="-critical_cell_opt" value="default::[not_specified]" description="" />
   <keyValuePair key="-critical_pin_opt" value="default::[not_specified]" description="" />
   <keyValuePair key="-directive" value="default::[not_specified]" description="" />
   <keyValuePair key="-dsp_register_opt" value="default::[not_specified]" description="" />
   <keyValuePair key="-effort_level" value="default::[not_specified]" description="" />
   <keyValuePair key="-fanout_opt" value="default::[not_specified]" description="" />
   <keyValuePair key="-hold_fix" value="default::[not_specified]" description="" />
   <keyValuePair key="-insert_negative_edge_ffs" value="default::[not_specified]" description="" />
   <keyValuePair key="-multi_clock_opt" value="default::[not_specified]" description="" />
   <keyValuePair key="-placement_opt" value="default::[not_specified]" description="" />
   <keyValuePair key="-restruct_opt" value="default::[not_specified]" description="" />
   <keyValuePair key="-retime" value="default::[not_specified]" description="" />
   <keyValuePair key="-rewire" value="default::[not_specified]" description="" />
   <keyValuePair key="-shift_register_opt" value="default::[not_specified]" description="" />
   <keyValuePair key="-uram_register_opt" value="default::[not_specified]" description="" />
   <keyValuePair key="-verbose" value="default::[not_specified]" description="" />
   <keyValuePair key="-vhfn" value="default::[not_specified]" description="" />
  </section>
 </section>
 <section name="report_drc" level="1" order="4" description="">
  <section name="command_line_options" level="2" order="1" description="">
   <keyValuePair key="-append" value="default::[not_specified]" description="" />
   <keyValuePair key="-checks" value="default::[not_specified]" description="" />
   <keyValuePair key="-fail_on" value="default::[not_specified]" description="" />
   <keyValuePair key="-force" value="default::[not_specified]" description="" />
   <keyValuePair key="-format" value="default::[not_specified]" description="" />
   <keyValuePair key="-internal" value="default::[not_specified]" description="" />
   <keyValuePair key="-internal_only" value="default::[not_specified]" description="" />
   <keyValuePair key="-messages" value="default::[not_specified]" description="" />
   <keyValuePair key="-name" value="default::[not_specified]" description="" />
   <keyValuePair key="-no_waivers" value="default::[not_specified]" description="" />
   <keyValuePair key="-return_string" value="default::[not_specified]" description="" />
   <keyValuePair key="-ruledecks" value="default::[not_specified]" description="" />
   <keyValuePair key="-upgrade_cw" value="default::[not_specified]" description="" />
   <keyValuePair key="-waived" value="default::[not_specified]" description="" />
  </section>
  <section name="results" level="2" order="2" description="">
   <keyValuePair key="zps7-1" value="1" description="" />
  </section>
 </section>
 <section name="report_utilization" level="1" order="5" description="">
  <section name="clocking" level="2" order="1" description="">
   <keyValuePair key="bufgctrl_available" value="32" description="" />
   <keyValuePair key="bufgctrl_fixed" value="0" description="" />
   <keyValuePair key="bufgctrl_used" value="1" description="" />
   <keyValuePair key="bufgctrl_util_percentage" value="3.13" description="" />
   <keyValuePair key="bufhce_available" value="72" description="" />
   <keyValuePair key="bufhce_fixed" value="0" description="" />
   <keyValuePair key="bufhce_used" value="0" description="" />
   <keyValuePair key="bufhce_util_percentage" value="0.00" description="" />
   <keyValuePair key="bufio_available" value="16" description="" />
   <keyValuePair key="bufio_fixed" value="0" description="" />
   <keyValuePair key="bufio_used" value="0" description="" />
   <keyValuePair key="bufio_util_percentage" value="0.00" description="" />
   <keyValuePair key="bufmrce_available" value="8" description="" />
   <keyValuePair key="bufmrce_fixed" value="0" description="" />
   <keyValuePair key="bufmrce_used" value="0" description="" />
   <keyValuePair key="bufmrce_util_percentage" value="0.00" description="" />
   <keyValuePair key="bufr_available" value="16" description="" />
   <keyValuePair key="bufr_fixed" value="0" description="" />
   <keyValuePair key="bufr_used" value="0" description="" />
   <keyValuePair key="bufr_util_percentage" value="0.00" description="" />
   <keyValuePair key="mmcme2_adv_available" value="4" description="" />
   <keyValuePair key="mmcme2_adv_fixed" value="0" description="" />
   <keyValuePair key="mmcme2_adv_used" value="0" description="" />
   <keyValuePair key="mmcme2_adv_util_percentage" value="0.00" description="" />
   <keyValuePair key="plle2_adv_available" value="4" description="" />
   <keyValuePair key="plle2_adv_fixed" value="0" description="" />
   <keyValuePair key="plle2_adv_used" value="0" description="" />
   <keyValuePair key="plle2_adv_util_percentage" value="0.00" description="" />
  </section>
  <section name="dsp" level="2" order="2" description="">
   <keyValuePair key="dsps_available" value="220" description="" />
   <keyValuePair key="dsps_fixed" value="0" description="" />
   <keyValuePair key="dsps_used" value="0" description="" />
   <keyValuePair key="dsps_util_percentage" value="0.00" description="" />
  </section>
  <section name="io_standard" level="2" order="3" description="">
   <keyValuePair key="blvds_25" value="0" description="" />
   <keyValuePair key="diff_hstl_i" value="0" description="" />
   <keyValuePair key="diff_hstl_i_18" value="0" description="" />
   <keyValuePair key="diff_hstl_ii" value="0" description="" />
   <keyValuePair key="diff_hstl_ii_18" value="0" description="" />
   <keyValuePair key="diff_hsul_12" value="0" description="" />
   <keyValuePair key="diff_mobile_ddr" value="0" description="" />
   <keyValuePair key="diff_sstl135" value="0" description="" />
   <keyValuePair key="diff_sstl135_r" value="0" description="" />
   <keyValuePair key="diff_sstl15" value="0" description="" />
   <keyValuePair key="diff_sstl15_r" value="0" description="" />
   <keyValuePair key="diff_sstl18_i" value="0" description="" />
   <keyValuePair key="diff_sstl18_ii" value="0" description="" />
   <keyValuePair key="hstl_i" value="0" description="" />
   <keyValuePair key="hstl_i_18" value="0" description="" />
   <keyValuePair key="hstl_ii" value="0" description="" />
   <keyValuePair key="hstl_ii_18" value="0" description="" />
   <keyValuePair key="hsul_12" value="0" description="" />
   <keyValuePair key="lvcmos12" value="0" description="" />
   <keyValuePair key="lvcmos15" value="0" description="" />
   <keyValuePair key="lvcmos18" value="0" description="" />
   <keyValuePair key="lvcmos25" value="0" description="" />
   <keyValuePair key="lvcmos33" value="1" description="" />
   <keyValuePair key="lvds_25" value="0" description="" />
   <keyValuePair key="lvttl" value="0" description="" />
   <keyValuePair key="mini_lvds_25" value="0" description="" />
   <keyValuePair key="mobile_ddr" value="0" description="" />
   <keyValuePair key="pci33_3" value="0" description="" />
   <keyValuePair key="ppds_25" value="0" description="" />
   <keyValuePair key="rsds_25" value="0" description="" />
   <keyValuePair key="sstl135" value="0" description="" />
   <keyValuePair key="sstl135_r" value="0" description="" />
   <keyValuePair key="sstl15" value="0" description="" />
   <keyValuePair key="sstl15_r" value="0" description="" />
   <keyValuePair key="sstl18_i" value="0" description="" />
   <keyValuePair key="sstl18_ii" value="0" description="" />
   <keyValuePair key="tmds_33" value="0" description="" />
  </section>
  <section name="memory" level="2" order="4" description="">
   <keyValuePair key="block_ram_tile_available" value="140" description="" />
   <keyValuePair key="block_ram_tile_fixed" value="0" description="" />
   <keyValuePair key="block_ram_tile_used" value="0" description="" />
   <keyValuePair key="block_ram_tile_util_percentage" value="0.00" description="" />
   <keyValuePair key="ramb18_available" value="280" description="" />
   <keyValuePair key="ramb18_fixed" value="0" description="" />
   <keyValuePair key="ramb18_used" value="0" description="" />
   <keyValuePair key="ramb18_util_percentage" value="0.00" description="" />
   <keyValuePair key="ramb36_fifo_available" value="140" description="" />
   <keyValuePair key="ramb36_fifo_fixed" value="0" description="" />
   <keyValuePair key="ramb36_fifo_used" value="0" description="" />
   <keyValuePair key="ramb36_fifo_util_percentage" value="0.00" description="" />
  </section>
  <section name="primitives" level="2" order="5" description="">
   <keyValuePair key="bufg_functional_category" value="Clock" description="" />
   <keyValuePair key="bufg_used" value="1" description="" />
   <keyValuePair key="carry4_functional_category" value="CarryLogic" description="" />
   <keyValuePair key="carry4_used" value="3" description="" />
   <keyValuePair key="fdre_functional_category" value="Flop &amp; Latch" description="" />
   <keyValuePair key="fdre_used" value="3213" description="" />
   <keyValuePair key="fdse_functional_category" value="Flop &amp; Latch" description="" />
   <keyValuePair key="fdse_used" value="3" description="" />
   <keyValuePair key="ibuf_functional_category" value="IO" description="" />
   <keyValuePair key="ibuf_used" value="3" description="" />
   <keyValuePair key="lut2_functional_category" value="LUT" description="" />
   <keyValuePair key="lut2_used" value="1082" description="" />
   <keyValuePair key="lut3_functional_category" value="LUT" description="" />
   <keyValuePair key="lut3_used" value="40" description="" />
   <keyValuePair key="lut4_functional_category" value="LUT" description="" />
   <keyValuePair key="lut4_used" value="594" description="" />
   <keyValuePair key="lut5_functional_category" value="LUT" description="" />
   <keyValuePair key="lut5_used" value="582" description="" />
   <keyValuePair key="lut6_functional_category" value="LUT" description="" />
   <keyValuePair key="lut6_used" value="581" description="" />
   <keyValuePair key="obuf_functional_category" value="IO" description="" />
   <keyValuePair key="obuf_used" value="1" description="" />
  </section>
  <section name="slice_logic" level="2" order="6" description="">
   <keyValuePair key="f7_muxes_available" value="26600" description="" />
   <keyValuePair key="f7_muxes_fixed" value="0" description="" />
   <keyValuePair key="f7_muxes_used" value="0" description="" />
   <keyValuePair key="f7_muxes_util_percentage" value="0.00" description="" />
   <keyValuePair key="f8_muxes_available" value="13300" description="" />
   <keyValuePair key="f8_muxes_fixed" value="0" description="" />
   <keyValuePair key="f8_muxes_used" value="0" description="" />
   <keyValuePair key="f8_muxes_util_percentage" value="0.00" description="" />
   <keyValuePair key="lut_as_distributed_ram_fixed" value="0" description="" />
   <keyValuePair key="lut_as_distributed_ram_used" value="0" description="" />
   <keyValuePair key="lut_as_logic_available" value="53200" description="" />
   <keyValuePair key="lut_as_logic_available" value="53200" description="" />
   <keyValuePair key="lut_as_logic_fixed" value="0" description="" />
   <keyValuePair key="lut_as_logic_fixed" value="0" description="" />
   <keyValuePair key="lut_as_logic_used" value="2272" description="" />
   <keyValuePair key="lut_as_logic_used" value="2272" description="" />
   <keyValuePair key="lut_as_logic_util_percentage" value="4.27" description="" />
   <keyValuePair key="lut_as_logic_util_percentage" value="4.27" description="" />
   <keyValuePair key="lut_as_memory_available" value="17400" description="" />
   <keyValuePair key="lut_as_memory_available" value="17400" description="" />
   <keyValuePair key="lut_as_memory_fixed" value="0" description="" />
   <keyValuePair key="lut_as_memory_fixed" value="0" description="" />
   <keyValuePair key="lut_as_memory_used" value="0" description="" />
   <keyValuePair key="lut_as_memory_used" value="0" description="" />
   <keyValuePair key="lut_as_memory_util_percentage" value="0.00" description="" />
   <keyValuePair key="lut_as_memory_util_percentage" value="0.00" description="" />
   <keyValuePair key="lut_as_shift_register_fixed" value="0" description="" />
   <keyValuePair key="lut_as_shift_register_used" value="0" description="" />
   <keyValuePair key="lut_in_front_of_the_register_is_unused_fixed" value="0" description="" />
   <keyValuePair key="lut_in_front_of_the_register_is_unused_used" value="468" description="" />
   <keyValuePair key="lut_in_front_of_the_register_is_used_fixed" value="468" description="" />
   <keyValuePair key="lut_in_front_of_the_register_is_used_used" value="49" description="" />
   <keyValuePair key="register_as_flip_flop_available" value="106400" description="" />
   <keyValuePair key="register_as_flip_flop_fixed" value="0" description="" />
   <keyValuePair key="register_as_flip_flop_used" value="3216" description="" />
   <keyValuePair key="register_as_flip_flop_util_percentage" value="3.02" description="" />
   <keyValuePair key="register_as_latch_available" value="106400" description="" />
   <keyValuePair key="register_as_latch_fixed" value="0" description="" />
   <keyValuePair key="register_as_latch_used" value="0" description="" />
   <keyValuePair key="register_as_latch_util_percentage" value="0.00" description="" />
   <keyValuePair key="register_driven_from_outside_the_slice_fixed" value="49" description="" />
   <keyValuePair key="register_driven_from_outside_the_slice_used" value="517" description="" />
   <keyValuePair key="register_driven_from_within_the_slice_fixed" value="517" description="" />
   <keyValuePair key="register_driven_from_within_the_slice_used" value="2699" description="" />
   <keyValuePair key="slice_available" value="13300" description="" />
   <keyValuePair key="slice_fixed" value="0" description="" />
   <keyValuePair key="slice_luts_available" value="53200" description="" />
   <keyValuePair key="slice_luts_fixed" value="0" description="" />
   <keyValuePair key="slice_luts_used" value="2272" description="" />
   <keyValuePair key="slice_luts_util_percentage" value="4.27" description="" />
   <keyValuePair key="slice_registers_available" value="106400" description="" />
   <keyValuePair key="slice_registers_available" value="106400" description="" />
   <keyValuePair key="slice_registers_fixed" value="0" description="" />
   <keyValuePair key="slice_registers_fixed" value="0" description="" />
   <keyValuePair key="slice_registers_used" value="3216" description="" />
   <keyValuePair key="slice_registers_used" value="3216" description="" />
   <keyValuePair key="slice_registers_util_percentage" value="3.02" description="" />
   <keyValuePair key="slice_registers_util_percentage" value="3.02" description="" />
   <keyValuePair key="slice_used" value="785" description="" />
   <keyValuePair key="slice_util_percentage" value="5.90" description="" />
   <keyValuePair key="slicel_fixed" value="0" description="" />
   <keyValuePair key="slicel_used" value="488" description="" />
   <keyValuePair key="slicem_fixed" value="0" description="" />
   <keyValuePair key="slicem_used" value="297" description="" />
   <keyValuePair key="unique_control_sets_available" value="13300" description="" />
   <keyValuePair key="unique_control_sets_fixed" value="13300" description="" />
   <keyValuePair key="unique_control_sets_used" value="12" description="" />
   <keyValuePair key="unique_control_sets_util_percentage" value="0.09" description="" />
   <keyValuePair key="using_o5_and_o6_fixed" value="0.09" description="" />
   <keyValuePair key="using_o5_and_o6_used" value="607" description="" />
   <keyValuePair key="using_o5_output_only_fixed" value="607" description="" />
   <keyValuePair key="using_o5_output_only_used" value="0" description="" />
   <keyValuePair key="using_o6_output_only_fixed" value="0" description="" />
   <keyValuePair key="using_o6_output_only_used" value="1665" description="" />
  </section>
  <section name="specific_feature" level="2" order="7" description="">
   <keyValuePair key="bscane2_available" value="4" description="" />
   <keyValuePair key="bscane2_fixed" value="0" description="" />
   <keyValuePair key="bscane2_used" value="0" description="" />
   <keyValuePair key="bscane2_util_percentage" value="0.00" description="" />
   <keyValuePair key="capturee2_available" value="1" description="" />
   <keyValuePair key="capturee2_fixed" value="0" description="" />
   <keyValuePair key="capturee2_used" value="0" description="" />
   <keyValuePair key="capturee2_util_percentage" value="0.00" description="" />
   <keyValuePair key="dna_port_available" value="1" description="" />
   <keyValuePair key="dna_port_fixed" value="0" description="" />
   <keyValuePair key="dna_port_used" value="0" description="" />
   <keyValuePair key="dna_port_util_percentage" value="0.00" description="" />
   <keyValuePair key="efuse_usr_available" value="1" description="" />
   <keyValuePair key="efuse_usr_fixed" value="0" description="" />
   <keyValuePair key="efuse_usr_used" value="0" description="" />
   <keyValuePair key="efuse_usr_util_percentage" value="0.00" description="" />
   <keyValuePair key="frame_ecce2_available" value="1" description="" />
   <keyValuePair key="frame_ecce2_fixed" value="0" description="" />
   <keyValuePair key="frame_ecce2_used" value="0" description="" />
   <keyValuePair key="frame_ecce2_util_percentage" value="0.00" description="" />
   <keyValuePair key="icape2_available" value="2" description="" />
   <keyValuePair key="icape2_fixed" value="0" description="" />
   <keyValuePair key="icape2_used" value="0" description="" />
   <keyValuePair key="icape2_util_percentage" value="0.00" description="" />
   <keyValuePair key="startupe2_available" value="1" description="" />
   <keyValuePair key="startupe2_fixed" value="0" description="" />
   <keyValuePair key="startupe2_used" value="0" description="" />
   <keyValuePair key="startupe2_util_percentage" value="0.00" description="" />
   <keyValuePair key="xadc_available" value="1" description="" />
   <keyValuePair key="xadc_fixed" value="0" description="" />
   <keyValuePair key="xadc_used" value="0" description="" />
   <keyValuePair key="xadc_util_percentage" value="0.00" description="" />
  </section>
 </section>
 <section name="synthesis" level="1" order="6" description="">
  <section name="command_line_options" level="2" order="1" description="">
   <keyValuePair key="-assert" value="default::[not_specified]" description="" />
   <keyValuePair key="-bufg" value="default::12" description="" />
   <keyValuePair key="-cascade_dsp" value="default::auto" description="" />
   <keyValuePair key="-constrset" value="default::[not_specified]" description="" />
   <keyValuePair key="-control_set_opt_threshold" value="default::auto" description="" />
   <keyValuePair key="-debug_log" value="default::[not_specified]" description="" />
   <keyValuePair key="-directive" value="default::default" description="" />
   <keyValuePair key="-fanout_limit" value="default::10000" description="" />
   <keyValuePair key="-flatten_hierarchy" value="default::rebuilt" description="" />
   <keyValuePair key="-fsm_extraction" value="default::auto" description="" />
   <keyValuePair key="-gated_clock_conversion" value="default::off" description="" />
   <keyValuePair key="-generic" value="default::[not_specified]" description="" />
   <keyValuePair key="-include_dirs" value="default::[not_specified]" description="" />
   <keyValuePair key="-keep_equivalent_registers" value="default::[not_specified]" description="" />
   <keyValuePair key="-max_bram" value="default::-1" description="" />
   <keyValuePair key="-max_bram_cascade_height" value="default::-1" description="" />
   <keyValuePair key="-max_dsp" value="default::-1" description="" />
   <keyValuePair key="-max_uram" value="default::-1" description="" />
   <keyValuePair key="-max_uram_cascade_height" value="default::-1" description="" />
   <keyValuePair key="-mode" value="default::default" description="" />
   <keyValuePair key="-name" value="default::[not_specified]" description="" />
   <keyValuePair key="-no_lc" value="default::[not_specified]" description="" />
   <keyValuePair key="-no_srlextract" value="default::[not_specified]" description="" />
   <keyValuePair key="-no_timing_driven" value="default::[not_specified]" description="" />
   <keyValuePair key="-part" value="xc7z020clg400-1" description="" />
   <keyValuePair key="-resource_sharing" value="default::auto" description="" />
   <keyValuePair key="-retiming" value="default::[not_specified]" description="" />
   <keyValuePair key="-rtl" value="default::[not_specified]" description="" />
   <keyValuePair key="-rtl_skip_constraints" value="default::[not_specified]" description="" />
   <keyValuePair key="-rtl_skip_ip" value="default::[not_specified]" description="" />
   <keyValuePair key="-seu_protect" value="default::none" description="" />
   <keyValuePair key="-sfcu" value="default::[not_specified]" description="" />
   <keyValuePair key="-shreg_min_size" value="default::3" description="" />
   <keyValuePair key="-top" value="uart_top" description="" />
   <keyValuePair key="-verilog_define" value="default::[not_specified]" description="" />
  </section>
  <section name="usage" level="2" order="2" description="">
   <keyValuePair key="elapsed" value="00:00:50s" description="" />
   <keyValuePair key="hls_ip" value="0" description="" />
   <keyValuePair key="memory_gain" value="139.141MB" description="" />
   <keyValuePair key="memory_peak" value="1152.238MB" description="" />
  </section>
 </section>
 <section name="unisim_transformation" level="1" order="7" description="">
  <section name="post_unisim_transformation" level="2" order="1" description="">
   <keyValuePair key="bufg" value="1" description="" />
   <keyValuePair key="carry4" value="3" description="" />
   <keyValuePair key="fdre" value="3213" description="" />
   <keyValuePair key="fdse" value="3" description="" />
   <keyValuePair key="gnd" value="2" description="" />
   <keyValuePair key="ibuf" value="3" description="" />
   <keyValuePair key="lut2" value="1082" description="" />
   <keyValuePair key="lut3" value="40" description="" />
   <keyValuePair key="lut4" value="594" description="" />
   <keyValuePair key="lut5" value="582" description="" />
   <keyValuePair key="lut6" value="581" description="" />
   <keyValuePair key="obuf" value="1" description="" />
   <keyValuePair key="vcc" value="4" description="" />
  </section>
  <section name="pre_unisim_transformation" level="2" order="2" description="">
   <keyValuePair key="bufg" value="1" description="" />
   <keyValuePair key="carry4" value="3" description="" />
   <keyValuePair key="fdre" value="3213" description="" />
   <keyValuePair key="fdse" value="3" description="" />
   <keyValuePair key="gnd" value="2" description="" />
   <keyValuePair key="ibuf" value="3" description="" />
   <keyValuePair key="lut2" value="1082" description="" />
   <keyValuePair key="lut3" value="40" description="" />
   <keyValuePair key="lut4" value="594" description="" />
   <keyValuePair key="lut5" value="582" description="" />
   <keyValuePair key="lut6" value="581" description="" />
   <keyValuePair key="obuf" value="1" description="" />
   <keyValuePair key="vcc" value="4" description="" />
  </section>
 </section>
 <section name="vivado_usage" level="1" order="8" description="">
  <section name="gui_handlers" level="2" order="1" description="">
   <keyValuePair key="abstractfileview_close" value="1" description="" />
   <keyValuePair key="abstractfileview_reload" value="1" description="" />
   <keyValuePair key="abstractsearchablepanel_show_search" value="2" description="" />
   <keyValuePair key="addsrcwizard_specify_hdl_netlist_block_design" value="3" description="" />
   <keyValuePair key="addsrcwizard_specify_or_create_constraint_files" value="1" description="" />
   <keyValuePair key="basedialog_cancel" value="17" description="" />
   <keyValuePair key="basedialog_no" value="1" description="" />
   <keyValuePair key="basedialog_ok" value="321" description="" />
   <keyValuePair key="basedialog_yes" value="79" description="" />
   <keyValuePair key="boardchooser_board_table" value="2" description="" />
   <keyValuePair key="checktimingsectionpanel_check_timing_selection_table" value="8" description="" />
   <keyValuePair key="closeplanner_yes" value="3" description="" />
   <keyValuePair key="cmdmsgdialog_messages" value="7" description="" />
   <keyValuePair key="cmdmsgdialog_ok" value="38" description="" />
   <keyValuePair key="confirmsavetexteditsdialog_no" value="2" description="" />
   <keyValuePair key="confirmsavetexteditsdialog_yes" value="3" description="" />
   <keyValuePair key="constraintschooserpanel_add_existing_or_create_new_constraints" value="2" description="" />
   <keyValuePair key="constraintschooserpanel_add_files" value="1" description="" />
   <keyValuePair key="constraintschooserpanel_create_file" value="1" description="" />
   <keyValuePair key="createconstraintsfilepanel_file_name" value="3" description="" />
   <keyValuePair key="createsrcfiledialog_file_name" value="21" description="" />
   <keyValuePair key="designtimingsumsectionpanel_worst_negative_slack" value="3" description="" />
   <keyValuePair key="expreporttreepanel_exp_report_tree_table" value="11" description="" />
   <keyValuePair key="expruntreepanel_exp_run_tree_table" value="24" description="" />
   <keyValuePair key="filesetpanel_file_set_panel_tree" value="815" description="" />
   <keyValuePair key="filesetpanel_messages" value="14" description="" />
   <keyValuePair key="floatingtopdialog_select_top_module_of_your_design" value="1" description="" />
   <keyValuePair key="floatingtopdialog_specify_new_top_module" value="1" description="" />
   <keyValuePair key="flownavigatortreepanel_flow_navigator_tree" value="652" description="" />
   <keyValuePair key="gettingstartedview_create_new_project" value="1" description="" />
   <keyValuePair key="gettingstartedview_open_project" value="1" description="" />
   <keyValuePair key="graphicalview_zoom_fit" value="4" description="" />
   <keyValuePair key="graphicalview_zoom_in" value="3" description="" />
   <keyValuePair key="graphicalview_zoom_out" value="17" description="" />
   <keyValuePair key="hardwaretreepanel_hardware_tree_table" value="3" description="" />
   <keyValuePair key="hcodeeditor_close" value="2" description="" />
   <keyValuePair key="hcodeeditor_search_text_combo_box" value="9" description="" />
   <keyValuePair key="hjfilechooserhelpers_jump_to_downloads_directory" value="1" description="" />
   <keyValuePair key="hjfilechooserrecentlistpreview_recent_directories" value="2" description="" />
   <keyValuePair key="hpopuptitle_close" value="4" description="" />
   <keyValuePair key="launchpanel_dont_show_this_dialog_again" value="1" description="" />
   <keyValuePair key="logmonitor_monitor" value="1" description="" />
   <keyValuePair key="logpanel_log_navigator" value="3" description="" />
   <keyValuePair key="mainmenumgr_checkpoint" value="5" description="" />
   <keyValuePair key="mainmenumgr_constraints" value="2" description="" />
   <keyValuePair key="mainmenumgr_edit" value="24" description="" />
   <keyValuePair key="mainmenumgr_export" value="1" description="" />
   <keyValuePair key="mainmenumgr_file" value="70" description="" />
   <keyValuePair key="mainmenumgr_flow" value="36" description="" />
   <keyValuePair key="mainmenumgr_ip" value="3" description="" />
   <keyValuePair key="mainmenumgr_open_recent_project" value="33" description="" />
   <keyValuePair key="mainmenumgr_project" value="37" description="" />
   <keyValuePair key="mainmenumgr_reports" value="2" description="" />
   <keyValuePair key="mainmenumgr_settings" value="2" description="" />
   <keyValuePair key="mainmenumgr_simulation_waveform" value="2" description="" />
   <keyValuePair key="mainmenumgr_text_editor" value="2" description="" />
   <keyValuePair key="mainmenumgr_tools" value="14" description="" />
   <keyValuePair key="mainmenumgr_window" value="2" description="" />
   <keyValuePair key="messagewithoptiondialog_dont_show_this_dialog_again" value="1" description="" />
   <keyValuePair key="msgtreepanel_discard_user_created_messages" value="1" description="" />
   <keyValuePair key="msgtreepanel_message_severity" value="10" description="" />
   <keyValuePair key="msgtreepanel_message_view_tree" value="224" description="" />
   <keyValuePair key="msgview_clear_messages_resulting_from_user_executed" value="2" description="" />
   <keyValuePair key="msgview_critical_warnings" value="21" description="" />
   <keyValuePair key="msgview_error_messages" value="29" description="" />
   <keyValuePair key="msgview_information_messages" value="27" description="" />
   <keyValuePair key="msgview_warning_messages" value="144" description="" />
   <keyValuePair key="navigabletimingreporttab_timing_report_navigation_tree" value="75" description="" />
   <keyValuePair key="netlistschematicview_show_cells_in_this_schematic" value="1" description="" />
   <keyValuePair key="notificationmanager_run_failed" value="2" description="" />
   <keyValuePair key="numjobschooser_number_of_jobs" value="2" description="" />
   <keyValuePair key="pacommandnames_add_sources" value="15" description="" />
   <keyValuePair key="pacommandnames_auto_connect_ports" value="4" description="" />
   <keyValuePair key="pacommandnames_auto_connect_target" value="63" description="" />
   <keyValuePair key="pacommandnames_auto_update_hier" value="39" description="" />
   <keyValuePair key="pacommandnames_create_top_hdl" value="4" description="" />
   <keyValuePair key="pacommandnames_generate_composite_file" value="9" description="" />
   <keyValuePair key="pacommandnames_goto_netlist_design" value="4" description="" />
   <keyValuePair key="pacommandnames_goto_project_manager" value="12" description="" />
   <keyValuePair key="pacommandnames_open_hardware_manager" value="7" description="" />
   <keyValuePair key="pacommandnames_open_project" value="1" description="" />
   <keyValuePair key="pacommandnames_open_target_wizard" value="2" description="" />
   <keyValuePair key="pacommandnames_packager_create_interface_definition" value="1" description="" />
   <keyValuePair key="pacommandnames_regenerate_layout" value="2" description="" />
   <keyValuePair key="pacommandnames_reports_window" value="7" description="" />
   <keyValuePair key="pacommandnames_run_bitgen" value="8" description="" />
   <keyValuePair key="pacommandnames_run_implementation" value="2" description="" />
   <keyValuePair key="pacommandnames_save_project_as" value="4" description="" />
   <keyValuePair key="pacommandnames_select_area" value="3" description="" />
   <keyValuePair key="pacommandnames_set_as_top" value="28" description="" />
   <keyValuePair key="pacommandnames_simulation_live_break" value="1" description="" />
   <keyValuePair key="pacommandnames_simulation_live_run_all" value="3" description="" />
   <keyValuePair key="pacommandnames_simulation_relaunch" value="36" description="" />
   <keyValuePair key="pacommandnames_simulation_run" value="1" description="" />
   <keyValuePair key="pacommandnames_simulation_run_behavioral" value="37" description="" />
   <keyValuePair key="pacommandnames_toggle_view_nav" value="3" description="" />
   <keyValuePair key="pacommandnames_validate_rsb_design" value="14" description="" />
   <keyValuePair key="pacommandnames_zoom_fit" value="8" description="" />
   <keyValuePair key="pacommandnames_zoom_out" value="1" description="" />
   <keyValuePair key="paviews_address_editor" value="15" description="" />
   <keyValuePair key="paviews_code" value="96" description="" />
   <keyValuePair key="paviews_device" value="7" description="" />
   <keyValuePair key="paviews_par_report" value="3" description="" />
   <keyValuePair key="paviews_path_table" value="1" description="" />
   <keyValuePair key="paviews_project_summary" value="109" description="" />
   <keyValuePair key="paviews_system" value="32" description="" />
   <keyValuePair key="planaheadtab_refresh_changed_modules" value="124" description="" />
   <keyValuePair key="planaheadtab_refresh_ip_catalog" value="1" description="" />
   <keyValuePair key="planaheadtab_show_flow_navigator" value="3" description="" />
   <keyValuePair key="programdebugtab_open_target" value="10" description="" />
   <keyValuePair key="programdebugtab_program_device" value="33" description="" />
   <keyValuePair key="programdebugtab_refresh_device" value="19" description="" />
   <keyValuePair key="programfpgadialog_program" value="194" description="" />
   <keyValuePair key="programfpgadialog_specify_bitstream_file" value="2" description="" />
   <keyValuePair key="progressdialog_background" value="20" description="" />
   <keyValuePair key="progressdialog_cancel" value="3" description="" />
   <keyValuePair key="projectnamechooser_project_name" value="3" description="" />
   <keyValuePair key="projecttab_close_design" value="4" description="" />
   <keyValuePair key="projecttab_reload" value="14" description="" />
   <keyValuePair key="rdicommands_copy" value="2" description="" />
   <keyValuePair key="rdicommands_delete" value="3" description="" />
   <keyValuePair key="rdicommands_line_comment" value="5" description="" />
   <keyValuePair key="rdicommands_paste" value="2" description="" />
   <keyValuePair key="rdicommands_save_file" value="234" description="" />
   <keyValuePair key="rdicommands_waveform_save_configuration" value="1" description="" />
   <keyValuePair key="rdiviews_waveform_viewer" value="91" description="" />
   <keyValuePair key="removesourcesdialog_also_delete" value="4" description="" />
   <keyValuePair key="rsbexternalportproppanels_name" value="5" description="" />
   <keyValuePair key="rungadget_show_warning_and_error_messages_in_messages" value="1" description="" />
   <keyValuePair key="saveprojectasdialog_include_run_results" value="1" description="" />
   <keyValuePair key="saveprojectutils_dont_save" value="2" description="" />
   <keyValuePair key="saveprojectutils_save" value="27" description="" />
   <keyValuePair key="schematicview_regenerate" value="2" description="" />
   <keyValuePair key="selectmenu_highlight" value="3" description="" />
   <keyValuePair key="selecttopmoduledialog_select_top_module" value="1" description="" />
   <keyValuePair key="simpleoutputproductdialog_generate_output_products_immediately" value="9" description="" />
   <keyValuePair key="simulationobjectspanel_simulation_objects_tree_table" value="79" description="" />
   <keyValuePair key="simulationscopespanel_simulate_scope_table" value="23" description="" />
   <keyValuePair key="srcchooserpanel_add_hdl_and_netlist_files_to_your_project" value="3" description="" />
   <keyValuePair key="srcchooserpanel_add_or_create_source_file" value="9" description="" />
   <keyValuePair key="srcchooserpanel_create_file" value="18" description="" />
   <keyValuePair key="srcmenu_ip_documentation" value="2" description="" />
   <keyValuePair key="srcmenu_ip_hierarchy" value="40" description="" />
   <keyValuePair key="srcmenu_refresh_hierarchy" value="2" description="" />
   <keyValuePair key="stalemoreaction_force_up_to_date" value="1" description="" />
   <keyValuePair key="stalemoreaction_out_of_date_details" value="1" description="" />
   <keyValuePair key="statemonitor_reset_run" value="1" description="" />
   <keyValuePair key="syntheticagettingstartedview_recent_projects" value="29" description="" />
   <keyValuePair key="syntheticastatemonitor_cancel" value="7" description="" />
   <keyValuePair key="systembuilderview_pin_blocks_and_ports_to_location" value="1" description="" />
   <keyValuePair key="systembuilderview_pinning" value="1" description="" />
   <keyValuePair key="taskbanner_close" value="80" description="" />
   <keyValuePair key="tclconsoleview_clear_all_output_in_tcl_console" value="1" description="" />
   <keyValuePair key="tclconsoleview_tcl_console_code_editor" value="20" description="" />
   <keyValuePair key="timinggettingstartedpanel_report_timing_summary" value="3" description="" />
   <keyValuePair key="timingitemflattablepanel_table" value="26" description="" />
   <keyValuePair key="utilizationhierviewtreetablepanel_table(hierarchy)" value="2" description="" />
   <keyValuePair key="waveformnametree_waveform_name_tree" value="36" description="" />
  </section>
  <section name="java_command_handlers" level="2" order="2" description="">
   <keyValuePair key="addsources" value="15" description="" />
   <keyValuePair key="autoconnectport" value="4" description="" />
   <keyValuePair key="autoconnecttarget" value="62" description="" />
   <keyValuePair key="closeproject" value="5" description="" />
   <keyValuePair key="createblockdesign" value="1" description="" />
   <keyValuePair key="createinterfacedefinitionhandler" value="1" description="" />
   <keyValuePair key="createtophdl" value="4" description="" />
   <keyValuePair key="editcopy" value="1" description="" />
   <keyValuePair key="editdelete" value="6" description="" />
   <keyValuePair key="editpaste" value="7" description="" />
   <keyValuePair key="editundo" value="5" description="" />
   <keyValuePair key="fileexit" value="30" description="" />
   <keyValuePair key="launchopentarget" value="2" description="" />
   <keyValuePair key="launchprogramfpga" value="198" description="" />
   <keyValuePair key="managecompositetargets" value="9" description="" />
   <keyValuePair key="newproject" value="1" description="" />
   <keyValuePair key="openblockdesign" value="1" description="" />
   <keyValuePair key="openhardwaremanager" value="257" description="" />
   <keyValuePair key="openproject" value="2" description="" />
   <keyValuePair key="openrecenttarget" value="82" description="" />
   <keyValuePair key="programdevice" value="179" description="" />
   <keyValuePair key="refreshdevice" value="18" description="" />
   <keyValuePair key="regeneratersblayout" value="2" description="" />
   <keyValuePair key="reportmethodology" value="1" description="" />
   <keyValuePair key="reporttimingsummary" value="34" description="" />
   <keyValuePair key="reportutilization" value="4" description="" />
   <keyValuePair key="runbitgen" value="154" description="" />
   <keyValuePair key="runimplementation" value="20" description="" />
   <keyValuePair key="runsynthesis" value="23" description="" />
   <keyValuePair key="saveprojectas" value="4" description="" />
   <keyValuePair key="settopnode" value="28" description="" />
   <keyValuePair key="showview" value="23" description="" />
   <keyValuePair key="simulationbreak" value="1" description="" />
   <keyValuePair key="simulationrelaunch" value="35" description="" />
   <keyValuePair key="simulationrun" value="37" description="" />
   <keyValuePair key="simulationrunall" value="3" description="" />
   <keyValuePair key="toggleselectareamode" value="3" description="" />
   <keyValuePair key="toggleviewnavigator" value="3" description="" />
   <keyValuePair key="togglezoomareamode" value="1" description="" />
   <keyValuePair key="validatersbdesign" value="14" description="" />
   <keyValuePair key="viewtaskimplementation" value="3" description="" />
   <keyValuePair key="viewtaskprojectmanager" value="12" description="" />
   <keyValuePair key="viewtaskrtlanalysis" value="6" description="" />
   <keyValuePair key="viewtasksynthesis" value="4" description="" />
   <keyValuePair key="waveformsaveconfiguration" value="1" description="" />
   <keyValuePair key="zoomfit" value="8" description="" />
   <keyValuePair key="zoomout" value="1" description="" />
  </section>
  <section name="other_data" level="2" order="3" description="">
   <keyValuePair key="guimode" value="83" description="" />
  </section>
  <section name="project_data" level="2" order="4" description="">
   <keyValuePair key="constraintsetcount" value="1" description="" />
   <keyValuePair key="core_container" value="false" description="" />
   <keyValuePair key="currentimplrun" value="impl_1" description="" />
   <keyValuePair key="currentsynthesisrun" value="synth_1" description="" />
   <keyValuePair key="default_library" value="xil_defaultlib" description="" />
   <keyValuePair key="designmode" value="RTL" description="" />
   <keyValuePair key="export_simulation_activehdl" value="10" description="" />
   <keyValuePair key="export_simulation_ies" value="10" description="" />
   <keyValuePair key="export_simulation_modelsim" value="10" description="" />
   <keyValuePair key="export_simulation_questa" value="10" description="" />
   <keyValuePair key="export_simulation_riviera" value="10" description="" />
   <keyValuePair key="export_simulation_vcs" value="10" description="" />
   <keyValuePair key="export_simulation_xsim" value="10" description="" />
   <keyValuePair key="implstrategy" value="Vivado Implementation Defaults" description="" />
   <keyValuePair key="launch_simulation_activehdl" value="0" description="" />
   <keyValuePair key="launch_simulation_ies" value="0" description="" />
   <keyValuePair key="launch_simulation_modelsim" value="0" description="" />
   <keyValuePair key="launch_simulation_questa" value="0" description="" />
   <keyValuePair key="launch_simulation_riviera" value="0" description="" />
   <keyValuePair key="launch_simulation_vcs" value="0" description="" />
   <keyValuePair key="launch_simulation_xsim" value="105" description="" />
   <keyValuePair key="simulator_language" value="Mixed" description="" />
   <keyValuePair key="srcsetcount" value="16" description="" />
   <keyValuePair key="synthesisstrategy" value="Vivado Synthesis Defaults" description="" />
   <keyValuePair key="target_language" value="Verilog" description="" />
   <keyValuePair key="target_simulator" value="XSim" description="" />
   <keyValuePair key="totalimplruns" value="2" description="" />
   <keyValuePair key="totalsynthesisruns" value="2" description="" />
  </section>
 </section>
 <section name="xsim" level="1" order="9" description="">
  <section name="command_line_options" level="2" order="1" description="">
   <keyValuePair key="-sim_mode" value="behavioral" description="" />
   <keyValuePair key="-sim_type" value="default::" description="" />
  </section>
 </section>
</section>
</webTalkData>
